"rating","author","date_iso","text","platform","organization"
"5.0","–ê–ª–µ–∫—Å–∞–Ω–¥—Ä –®—É—à–ø–∞–Ω–æ–≤","2025-06-15","–•–æ—Ä–æ—à–∏–π –∞–≤—Ç–æ—Å–∞–ª–æ–Ω, –≤—ã–±–æ—Ä –º–∞—à–∏–Ω –µ—Å—Ç—å –Ω–∞ —Ä–∞–∑–Ω—ã–π —Ü–µ–Ω–æ–≤–æ–π —Å–µ–≥–º–µ–Ω—Ç, –ø–æ–º–æ–≥–ª–∏ –≤—ã–±—Ä–∞—Ç—å –º–∞—à–∏–Ω—É –ø–æ–¥ —Å–≤–æ–∏ –ø–æ—Ç—Ä–µ–±–Ω–æ—Å—Ç–∏, –º–µ–Ω–µ–¥–∂–µ—Ä –í–ª–∞–¥–∏–º–∏—Ä –ø–æ–º–æ–≥ —Å –≤—ã–±–æ—Ä–æ–º, –∫ —Å–æ–∂–∞–ª–µ–Ω–∏—é –∫–æ–≥–¥–∞ –ø—Ä–∏—à–ª–∏ –æ—Ñ–æ—Ä–º–ª—è—Ç—å—Å—è –µ–≥–æ –Ω–µ –±—ã–ª–æ, –Ω–æ –ø–æ–º–æ–≥–ª–∏ –æ—Ñ–æ—Ä–º–∏—Ç—å—Å—è –±–µ–∑ –ø—Ä–æ–±–ª–µ–º","2GIS","avtolotsman_probeg"
"5.0","–ê–Ω–¥—Ä–µ–π –ì—É—Å–µ–≤","2024-07-26","–ù–µ –¥–∞–≤–Ω–æ –∏—Å–∫–∞–ª–∏ —Å–µ–º–µ–π–Ω—ã–π –∞–≤—Ç–æ–º–æ–±–∏–ª—å –∏ –Ω–∞—à–ª–∏ –ø–æ–¥—Ö–æ–¥—è—â–∏–π –≤–∞—Ä–∏–∞–Ω—Ç –≤ —ç—Ç–æ–º –∞–≤—Ç–æ—Å–∞–ª–æ–Ω–µ. –í—ã–±–æ—Ä –±–æ–ª—å—à–æ–π –Ω–∞ –ª—é–±–æ–π –∫–æ—à–µ–ª—ë–∫. –•–æ—á—É –æ—Ç–º–µ—Ç–∏—Ç—å –º–µ–Ω–µ–¥–∂–µ—Ä–∞ –ù–∏–∫–∏—Ç—É, –ø—Ä–æ—Ñ–µ—Å—Å–∏–æ–Ω–∞–ª —Å–≤–æ–µ–≥–æ –¥–µ–ª–∞. –ì—Ä–∞–º–æ—Ç–Ω–æ –ø—Ä–æ–≤–µ–ª –∫–æ–Ω—Å—É–ª—å—Ç–∞—Ü–∏—é, –≤—Å–µ –ø–æ–∫–∞–∑–∞–ª —Ä–∞—Å—Å–∫–∞–∑–∞–ª. –û–ø–µ—Ä–∞—Ç–∏–≤–Ω–æ –ø–æ–¥–≥–æ—Ç–æ–≤–∏–ª –¥–æ–∫—É–º–µ–Ω—Ç—ã –Ω–∞ –æ—Ñ–æ—Ä–º–ª–µ–Ω–∏–µ –∏ –¥–∞–∂–µ –ø–æ—Å–ª–µ –ø–æ–∫—É–ø–∫–∏ –≤—Å–µ–≥–¥–∞ –Ω–∞ —Å–≤—è–∑–∏ –∏ –æ—Ç–≤–µ—á–∞–µ—Ç –Ω–∞ –≤–æ–ø—Ä–æ—Å—ã. –ï–¥–∏–Ω—Å—Ç–≤–µ–Ω–Ω–æ–µ, —á—Ç–æ –±—ã–ª–æ –±—ã –ø—Ä–∏—è—Ç–Ω–æ —ç—Ç–æ –≤ –¥–µ–Ω—å –ø–æ–∫—É–ø–∫–∏ –ø–æ–ª—É—á–∏—Ç—å —Å–≤–µ–∂–µ –ø–æ–º—ã—Ç—ã–π –∞–≤—Ç–æ–º–æ–±–∏–ª—å. –ê —Ç–∞–∫ –≤ —Ü–µ–ª–æ–º –≤—Å–µ –Ω–∞ –æ—Ç–ª–∏—á–Ω–æ. –†–µ–∫–æ–º–µ–Ω–¥—É—é!","2GIS","avtolotsman_probeg"
"1.0","–ï–≤–≥–µ–Ω–∏–π –ú–∏—Ö–µ–µ–≤","2024-01-29","–î–æ–±—Ä–æ–≥–æ –≤—Ä–µ–º–µ–Ω–∏ —Å—É—Ç–æ–∫! –í—Å–µ–º –ø–æ—Ç–µ–Ω—Ü–∏–∞–ª—å–Ω—ã–º –ø–æ–∫—É–ø–∞—Ç–µ–ª—è–º —Å–æ–≤–µ—Ç, –Ω–µ –æ–±—Ä–∞—â–∞–π—Ç–µ—Å—å –≤ —ç—Ç–æ—Ç —Å–∞–ª–æ–Ω –ø–æ–¥–µ—Ä–∂–∞–Ω–Ω—ã—Ö –∞–≤—Ç–æ. –ú–æ—è –∏—Å—Ç–æ—Ä–∏—è —Ç–∞–∫–∞—è: –∏—Å–∫–∞–ª –∞–≤—Ç–æ–º–æ–±–∏–ª—å –∏ –∫–∞–∑–∞–ª–æ—Å—å –±—ã –Ω–∞—à—ë–ª —É —ç—Ç–æ–≥–æ –∞–≤—Ç–æ—Å–∞–ª–æ–Ω–∞(–ê–≤—Ç–æ–ª–æ—Ü–º–∞–Ω), –ø—Ä–∏ –æ–±—â–µ–Ω–∏–∏ —Å –º–µ–Ω–µ–¥–∂–µ—Ä–æ–º –ú–∏—Ö–∞–∏–ª–æ–º –≤—Å—ë –∫–∞–∑–∞–ª–æ—Å—å –ø—Ä–æ–∑—Ä–∞—á–Ω—ã–º –∏ —á–µ—Å—Ç–Ω—ã–º, –Ω–æ –Ω–∞ —Å–∞–º–æ–º –¥–µ–ª–µ –æ–∫–∞–∑–∞–ª–æ—Å—å –Ω–∞–æ–±–æ—Ä–æ—Ç. –ú–∏—à–∞- –º–µ–Ω–µ–¥–∂–µ—Ä –ø—Ä–æ—Å—Ç–æ –ø–æ —Å—É—Ç–∏ –∏ –ø–æ –∂–∏–∑–Ω–∏ –æ—á–µ–Ω—å –ø–ª–æ—Ö–æ–π –∏ –±–µ—Å—Å–æ–≤–µ—Å—Ç–Ω—ã–π —á–µ–ª–æ–≤–µ–∫, —Ç–æ —á—Ç–æ —è –ª–µ—Ç–µ–ª –∫ –Ω–∏–º –∏–∑ –°–∏–±–∏—Ä–∏ –∑–∞ 3000–∫–º, –µ–≥–æ —ç—Ç–æ –Ω–∏ –∫–∞–∫ –Ω–µ –æ—Å—Ç–∞–Ω–∞–≤–ª–∏–≤–∞–ª–æ –æ–Ω –ø—Ä–æ–¥–æ–ª–∂–∞–ª –≤—Ä–∞—Ç—å. –í –æ–±—â–µ–º –≤—ã–≤–æ–¥—ã –¥–µ–ª–∞–π—Ç–µ —Å–∞–º–∏. –§–æ—Ç–æ –æ—Å–º–æ—Ç—Ä–µ–Ω–Ω–æ–≥–æ –∞–≤—Ç–æ –ø—Ä–∏–ª–∞–≥–∞—é: –û–ø–µ–ª—å –í–µ–∫—Ç—Ä–∞ 2.0 175–ª.—Å. –ú–ö–ü–ü-—É—Ç–æ–ø–ª–µ–Ω–Ω–∏–∫!","2GIS","avtolotsman_probeg"
"5.0","–ê–Ω–∂–µ–ª–∏–∫–∞ –°–º–æ—Ä–æ–¥–∏–Ω–æ–≤–∞","2025-08-18","–ü—Ä–∏–µ–∑–∂–∞–ª–∞, —á—Ç–æ–±—ã –ø—Ä–∏–≥–ª—è–¥–µ—Ç—å—Å—è –ø–æ–±–ª–∏–∂–µ –∫ –∫–∏—Ç–∞–π—Å–∫–∏–º –∞–≤—Ç–æ. –ú–Ω–µ –ø–æ–Ω—Ä–∞–≤–∏–ª–æ—Å—å –æ—Ç–Ω–æ—à–µ–Ω–∏–µ –º–µ–Ω–µ–¥–∂–µ—Ä–∞. –ù–µ–Ω–∞–≤—è–∑—á–∏–≤–æ–µ, –∫–æ–Ω–∫—Ä–µ—Ç–Ω–æ–µ, —É–≤–∞–∂–∏—Ç–µ–ª—å–Ω–æ–µ. –°—ä–µ–∑–¥–∏–ª–∏ –Ω–∞ —Ç–µ—Å—Ç-–¥—Ä–∞–π–≤, —è –≤–ª—é–±–∏–ª–∞—Å—å –≤ –∫—É–ª—Ä–µ–π, –±—É–¥—É –±—Ä–∞—Ç—å –≤ –±–ª–∏–∂–∞–π—à–µ–µ –≤—Ä–µ–º—è. –°–ø–∞—Å–∏–±–æ —Ä–µ–±—è—Ç–∞–º!","2GIS","avtolotsman"
"2.0","–∏–≤–∞–Ω","2025-07-16","–ù–µ —Å–æ–≤–µ—Ç—É—é","2GIS","avtolotsman"
"1.0","–ò–≤–∞–Ω –ü–æ—Ç–æ–ø–∞–ª—å—Å–∫–∏–π","2025-07-12","–ë–µ–∑–æ—Ç–≤–µ—Ç—Å—Ç–≤–µ–Ω–Ω–∞—è —Ä–∞–±–æ—Ç–∞ –º–∞—Å—Ç–µ—Ä–∞-–ø—Ä–∏–µ–º—â–∏–∫–∞ –∫—É–∑–æ–≤–Ω–æ–≥–æ —Ü–µ—Ö–∞. –ê–≤—Ç–æ–º–æ–±–∏–ª—å –≤—ã–¥–∞–Ω –≥—Ä—è–∑–Ω—ã–π, –≤ –ø—ã–ª–∏, —Å –∫—Ä–∏–≤—ã–º–∏ –∑–∞–∑–æ—Ä–∞–º–∏. –ö –º–∞—Å—Ç–µ—Ä–∞–º –ø—Ä–æ–≤–æ–¥–∏–≤—à–∏–º –¢–û –ø–æ –∑–∞–º–µ–Ω–µ –º–∞—Å–ª–∞ –≤–æ–ø—Ä–æ—Å–æ–≤ –Ω–µ—Ç, —Å–ø–∞—Å–∏–±–æ —á—Ç–æ —Å–æ–≥–ª–∞—Å–∏–ª–∏—Å—å –±—ã—Å—Ç—Ä–æ –∏—Å–ø—Ä–∞–≤–∏—Ç—å –æ—Ä–≥–∞–Ω–∏–∑–∞—Ü–∏–æ–Ω–Ω—ã–µ –∫–æ—Å—è–∫–∏ —Å–≤–æ–∏—Ö –∫–æ–ª–ª–µ–≥","2GIS","avtolotsman"
"5.0","–î–º–∏—Ç—Ä–∏–π –õ—É–∫–æ—è–Ω–æ–≤","2024-03-08","–ü–æ—Ä—è–¥–æ—á–Ω—ã–µ —Å–æ—Ç—Ä—É–¥–Ω–∏–∫–∏, —á–µ–ª–æ–≤–µ—á–µ—Å–∫–∏–π –ø–æ–¥—Ö–æ–¥ –∫ –ø—Ä–æ–±–ª–µ–º–µ —Å –∞–≤—Ç–æ","2GIS","kia_avtolotsman"
"5.0","–ò–ª—å—è –§–æ—Ä–æ—Å—Ç—è–Ω–∫–∞","2025-09-29","–ê–≤—Ç–æ—Å–∞–ª–æ–Ω —à–∏–∫–∞—Ä–Ω—ã–π, –ø–µ—Ä—Å–æ–Ω–∞–ª –≥–æ—Ç–æ–≤ –∞–∫—Ç–∏–≤–Ω–æ –ø–æ–º–æ—á—å, –ø—Ä–∏—à–ª–æ—Å—å –æ–±—Ä–∞—â–∞—Ç—å—Å—è –≤ —Å–∞–ª–æ–Ω –∏–∑ —Å–∞—Ä–∞—Ç–æ–≤—Å–∫–æ–π –æ–±–ª–∞—Å—Ç–∏ –ø—Ä–∏–≤–µ—Å—Ç–∏ –º–∞—à–∏–Ω—É. –ü—Ä–æ–∏–∑–≤–µ–ª–∏ –≥–∞—Ä–∞–Ω—Ç–∏–π–Ω—ã–π —Ä–µ–º–æ–Ω—Ç –∑–∞–º–µ–Ω—É –¥–≤–∏–≥–∞—Ç–µ–ª—è, –±—ã—Å—Ç—Ä–æ, –≤—Å–µ–≥–¥–∞ –¥–µ—Ä–∂–∞–ª–∏ –Ω–∞ —Å–≤—è–∑–∏, –º–∞—Å—Ç–µ—Ä –ø—Ä–∏–µ–º—â–∏–∫ –°–µ—Ä–≥–µ–π –ü–∞–Ω–∏–∫–∞ –≤–µ–∂–ª–∏–≤—ã–π , –ø—Ä–æ—Ñ–µ—Å—Å–∏–æ–Ω–∞–ª —Å–≤–æ–µ–≥–æ –¥–µ–ª–∞, –±—ã–ª–æ –ø—Ä–∏—è—Ç–Ω–æ –ø–æ–æ–±—â–∞—Ç—å—Å—è, –≤—Å–µ –æ–±—ä—è—Å–Ω–∏–ª –∏ –ø–æ–∫–∞–∑–∞–ª –ø–æ –º–∞—à–∏–Ω–µ, –º–æ—Å–∫–≤–∏—á 6. –í—Å–µ–º —Ä–µ–∫–æ–º–µ–Ω–¥—É—é!!! üëç","2GIS","mazda_avtolotsman"
"5.0","–í–ª–∞–¥–∏–º–∏—Ä –ì—É—Å–µ–π–Ω–æ–≤","2025-09-22","–•–æ—á—É —Å–∫–∞–∑–∞—Ç—å —Å–ø–∞—Å–∏–±–æ —Ä–µ–±—è—Ç–∞–º –∏–∑ —Å–µ—Ä–≤–∏—Å–∞ –ú–∞–∑–¥–∞ –ï–ª–∏—Å—Ç—Ä–∞—Ç–æ–≤—É –ê–ª–µ–∫—Å–µ—é, –Ω—É –∏ –≤ –æ–±—â–µ–º –≤—Å–µ–º. –ì—Ä–∞–º–æ—Ç–Ω–æ —Å–¥–µ–ª–∞–ª–∏ –¥–∏–∞–≥–Ω–æ—Å—Ç–∏–∫—É –∏ –≤—ã–ø–æ–ª–Ω–∏–ª–∏ —Ä–µ–º–æ–Ω—Ç. –û—á–µ–Ω—å –¥–æ–≤–æ–ª–µ–Ω. –í—Å–µ–º —Ä–µ–∫–æ–º–µ–Ω–¥—É—é. –ï—â—ë —Ä–∞–∑ —Å–ø–∞—Å–∏–±–æ","2GIS","mazda_avtolotsman"
"5.0","–°–µ—Ä–≥–µ–π –°–æ–ª—ë–Ω–æ–≤","2025-09-20","–•–æ—á—É –≤—ã—Ä–∞–∑–∏—Ç—å –±–ª–∞–≥–æ–¥–∞—Ä–Ω–æ—Å—Ç—å –∞–≤—Ç–æ—ç–ª–µ–∫—Ç—Ä–∏–∫—É –®–∏—à–æ–≤—É –°—Ç–∞–Ω–∏—Å–ª–∞–≤—É. –ì—Ä–∞–º–æ—Ç–Ω—ã–π —Å–ø–µ—Ü–∏–∞–ª–∏—Å—Ç, –¥–æ–±—Ä–æ–¥—É—à–Ω—ã–π, –∑–Ω–∞—é—â–∏–π —Å–≤–æ—ë –¥–µ–ª–æ. –†–µ–∫–æ–º–µ–Ω–¥—É—é. üëç","2GIS","mazda_avtolotsman"
"5.0","–ö—É–∑–Ω–µ—Ü–æ–≤–∞ –Æ–ª–∏—è","2025-04-22","–°–ø–µ—Ü–∏–∞–ª–∏—Å—Ç—ã –≤—ã—Å–æ–∫–æ–≥–æ —É—Ä–æ–≤–Ω—è, –≤—Å–µ –±—ã—Å—Ç—Ä–æ –∏ –ø—Ä–æ—Ñ–µ—Å—Å–∏–æ–Ω–∞–ª—å–Ω–æ. –°–∞–ª–æ–Ω –ø—Ä–µ–¥–æ—Å—Ç–∞–≤–ª—è–µ—Ç —Ö–æ—Ä–æ—à–∏–µ —Å–∫–∏–¥–∫–∏ —á—Ç–æ –± –∫–ª–∏–µ–Ω—Ç—ã –≤–æ–∑–≤—Ä–∞—â–∞–ª–∏—Å—å –Ω–∞ –æ–±—Å–ª—É–∂–∏–≤–∞–Ω–∏–µ –æ—Å–æ–±–µ–Ω–Ω–æ –µ—Å–ª–∏ –∞–≤—Ç–æ —É–∂–µ –Ω–µ –Ω–∞ –≥–∞—Ä–∞–Ω—Ç–∏–∏)","2GIS","mazda_avtolotsman"
"5.0","–ì–µ–Ω–Ω–∞–¥–∏–π –ò–≤–∞–Ω–æ–≤–∏—á –ö–æ–≤–∞–ª—å","2024-12-20","–û—Ç–∑—ã–≤—á–∏–≤—ã–π, –≤–µ–∂–ª–∏–≤—ã–π –∏ –ø—Ä–æ—Ñ–µ—Å—Å–∏–æ–Ω–∞–ª—å–Ω—ã–π –ø–µ—Ä—Å–æ–Ω–∞–ª –≤ —Å–µ—Ä–≤–∏—Å–µ –®–∫–æ–¥–∞.","2GIS","mazda_avtolotsman"
"5.0","–ò–≤–∞–Ω –ü–∞–ª–∏—á–µ–≤","2024-11-07","–û—Ç–ª–∏—á–Ω–∞—è —Å–ª–∞–∂–µ–Ω–Ω–∞—è —Ä–∞–±–æ—Ç–∞ –º–µ–Ω–µ–¥–∂–µ—Ä–æ–≤ –ø–æ —Å–µ—Ä–≤–∏—Å—É, –ø–æ –∑–∞–ø—á–∞—Å—Ç—è–º –∏ —Å–æ–±—Å—Ç–≤–µ–Ω–Ω–æ —Å–∞–º–æ–≥–æ —Å–µ—Ä–≤–∏—Å–∞. –í—Å—ë —á—Ç–æ –Ω—É–∂–Ω–æ –ø–æ –∑–∞–ø—á–≤—Å—Ç—è–º –ø—Ä–µ–¥–ª–æ–∂–∏–ª–∏ –≤ –Ω–µ—Å–∫–æ–ª—å–∫–∏—Ö –≤–∞—Ä–∏–∞–Ω—Ç–∞—Ö, –æ–±—ä—è—Å–Ω–∏–ª–∏ —á—Ç–æ –∏ –∫–∞–∫, –∏ —Å–¥–µ–ª–∞–ª–∏ –±—ã—Å—Ç—Ä–æ –∏ –∫–∞—á–µ—Å—Ç–≤–µ–Ω–Ω–æ. –û—á–µ–Ω—å –¥–æ–≤–æ–ª–µ–Ω –ø–æ—Å–µ—â–µ–Ω–∏–µ–º —ç—Ç–æ–≥–æ —Å–µ—Ä–≤–∏—Å–∞. –û—Ç–¥–µ–ª—å–Ω–∞—è –±–ª–∞–≥–æ–¥–∞—Ä–Ω–æ—Å—Ç—å –ù–∏–∫–æ–ª–∞—é –ü–æ–¥–∫–æ–ø–∞–µ–≤—É –∏ –ê–ª–µ–∫—Å–µ—é –ö—É–∑—å–º–∏—á–µ–≤—É –∑–∞ –ø–æ–¥—Ä–æ–±–Ω—ã–µ —Ä–∞–∑—ä—è—Å–Ω–µ–Ω–∏—è –ø–æ –≤—Å–µ–º –≤–æ–ø—Ä–æ—Å–∞–º –∏ —Ä–µ—à–µ–Ω–∏–µ –º–æ–∏—Ö –ø—Ä–æ–±–ª–µ–º —Å –ö–æ–¥–∏–∞–∫–æ–º –∏ –∑–∞–ø—á–∞—Å—Ç—è–º–∏ –∫ –Ω–µ–º—É","2GIS","mazda_avtolotsman"
"5.0","–¢–∞—Ç—å—è–Ω–∞ –§—Ä–æ–ª–æ–≤–∞","2024-08-03","–ó–∞–µ–∑–∂–∞–ª–∞ —Å –ø–æ–ª–æ–º–∫–æ–π –º–∞—à–∏–Ω—ã. –°–æ—Ç—Ä—É–¥–Ω–∏–∫, –ù.–ü–æ–¥–∫–æ–ø–∞–µ–≤ –æ—á–µ–Ω—å –≤–Ω–∏–º–∞—Ç–µ–ª—å–Ω–æ –≤—ã—Å–ª—É—à–∞–ª, –ø—Ä–∏–Ω—è–ª –º–∞—à–∏–Ω—É –≤ —Ä–∞–±–æ—Ç—É, –≤—Å–µ —Ä–∞–∑—ä—è—Å–Ω–∏–ª. –û—á–µ–Ω—å –≤–µ–∂–ª–∏–≤—ã–π –∏ –≥—Ä–∞–º–æ—Ç–Ω—ã–π —Å–ø–µ—Ü–∏–∞–ª–∏—Å—Ç. –°–ø–∞—Å–∏–±–æ –∑–∞ —Ä–∞–±–æ—Ç—É! –†–∞–±–æ—Ç–æ–π —Å–µ—Ä–≤–∏—Å–∞ –¥–æ–≤–æ–ª—å–Ω–∞.","2GIS","mazda_avtolotsman"
"5.0","Sberid User","2024-07-23","–ë—É–¥—É—á–∏ –≤ –∫–æ–º–∞–Ω–¥–∏—Ä–æ–≤–∫–µ –≤ –≥. –ü–µ–Ω–∑–µ –æ–±—Ä–∞—Ç–∏–ª—Å—è –∫ –æ—Ñ–∏—Ü–∏–∞–ª—å–Ω–æ–º—É –¥–∏–ª–µ—Ä—É –®–∫–æ–¥—ã —Å –§–í –ü–∞—Å—Å–∞—Ç–æ–º: –Ω—É–∂–Ω–æ –±—ã–ª–æ –∑–∞–º–µ–Ω–∏—Ç—å —Ç–æ—Ä–º–æ–∑–Ω—É—é –∂–∏–¥–∫–æ—Å—Ç—å –∏ –∞–Ω—Ç–∏—Ñ—Ä–∏–∑ –ø–µ—Ä–µ–¥ –ø–æ–µ–∑–¥–∫–æ–π –≤ –æ—Ç–ø—É—Å–∫. –í—Å—ë —Å–¥–µ–ª–∞–ª–∏ –≤ –ª—É—á—à–µ–º –≤–∏–¥–µ - –±—ã—Å—Ç—Ä–æ, –ø—Ä–æ—Ñ–µ—Å—Å–∏–æ–Ω–∞–ª—å–Ω–æ, –∞–∫–∫—É—Ä–∞—Ç–Ω–æ. –°–ø–∞—Å–∏–±–æ –º–∞—Å—Ç–µ—Ä–∞–º-–ø—Ä–∏–µ–º—â–∏–∫–∞–º –∑–∞ –≤–µ–∂–ª–∏–≤–æ–µ –∏ —É–≤–∞–∂–∏—Ç–µ–ª—å–Ω–æ–µ –æ—Ç–Ω–æ—à–µ–Ω–∏–µ –∏ –ø—É–Ω–∫—Ç—É–∞–ª—å–Ω–æ—Å—Ç—å: –æ—Ñ–æ—Ä–º–ª–µ–Ω–∏–µ –≤—Å–µ—Ö –Ω–µ–æ–±—Ö–æ–¥–∏–º—ã—Ö –¥–æ–∫—É–º–µ–Ω—Ç–æ–≤ –ø—Ä–∏ —Å–¥–∞—á–µ –∏ –ø–æ–ª—É—á–µ–Ω–∏–∏ –∞–≤—Ç–æ–º–æ–±–∏–ª—è –∑–∞–Ω—è–ª–æ –º–∏–Ω–∏–º—É–º –≤—Ä–µ–º–µ–Ω–∏, –≤—Å—ë –ø–æ–¥—Ä–æ–±–Ω–æ —Ä–∞—Å—Å–∫–∞–∑–∞–ª–∏/–æ–±—ä—è—Å–Ω–∏–ª–∏ —á—Ç–æ –∏ –∫–∞–∫ –ø–æ –≤—Ä–µ–º–µ–Ω–∏, —Ä–∞–±–æ—Ç–∞–º –∏ –∑–∞–ø—á–∞—Å—Ç—è–º. –ñ–∞–ª–∫–æ, —á—Ç–æ –í–ê–ì –æ—Ç–∫–ª—é—á–∏–ª –¥–∏–ª–µ—Ä–æ–≤ –æ—Ç —Ñ–∏—Ä–º–µ–Ω–Ω–æ–≥–æ –ü–û: —Å —É–¥–æ–≤–æ–ª—å—Å—Ç–≤–∏–µ–º –±—ã –ø—Ä–∏–µ—Ö–∞–ª –≤ –ê–≤—Ç–æ–ª–æ—Ü–º–∞–Ω —Å–æ —Å–≤–æ–∏–º–∏ —ç–ª–µ–∫—Ç—Ä–æ–Ω–Ω—ã–º–∏ –≤–æ–ø—Ä—Ä–æ—Å–∞–º–∏. –°–ø–∞—Å–∏–±–æ –∑–∞ –æ—Ç–ª–∏—á–Ω—É—é —Ä–∞–±–æ—Ç—É!","2GIS","mazda_avtolotsman"
"5.0","Sberid User","2024-05-31","–í–æ—Ç —ç—Ç–æ —Å–µ—Ä–≤–∏—Å! –í–æ—Ç —ç—Ç–æ –ø–æ–¥—Ö–æ–¥! –í—Å–µ –æ—Ç–ª–∏—á–Ω–æ, –Ω–æ –æ—Å–æ–±–µ–Ω–Ω–æ —Ö–æ—Ç–µ–ª–æ—Å—å –±—ã –æ—Ç–º–µ—Ç–∏—Ç—å –º–∞—Å—Ç–µ—Ä–∞ –ê–ª–µ–∫—Å–µ—è –§–µ–¥–æ—Å–æ–≤–∞! –°–ø–∞—Å–∏–±–æ –∏ —É—Å–ø–µ—Ö–æ–≤!","2GIS","mazda_avtolotsman"
"5.0","–ö—Ä–∏—Å—Ç–∏–Ω–∞ –ö–æ–ª—å—á—É–≥–∏–Ω–∞","2024-04-01","–†–µ–±—è—Ç–∞ –æ—Ñ–æ—Ä–º–∏–ª–∏ –∑–∞ 1 —á–∞—Å –º–∞—à–∏–Ω—É, –≤—Å–µ –±—ã—Å—Ç—Ä–æ –∏ —á–µ—Ç–∫–æ!","2GIS","mazda_avtolotsman"
"5.0","–î–º–∏—Ç—Ä–∏–π –ù–µ–º–∫–æ–≤","2023-12-20","–ü—Ä–æ—à–µ–ª –∫–æ–º–ø–ª–µ–∫—Å–Ω—É—é –¥–∏–∞–≥–Ω–æ—Å—Ç–∏–∫—É –∏ –∑–∞–º–µ–Ω—É –º–∞—Å–ª–∞ –≤ –¥–≤–∏–≥–∞—Ç–µ–ª–µ –ø–æ –∞–∫—Ü–∏–∏ –æ—Ç mazda. –°–¥–µ–ª–∞–ª–∏ –±—ã—Å—Ç—Ä–æ, –¥–∞–ª–∏ —Ä–∞–∑–≤–µ—Ä–Ω—É—Ç—É—é –∏–Ω—Ñ–æ—Ä–º–∞—Ü–∏—é –ø–æ —Å–æ—Å—Ç–æ—è–Ω–∏—é –∞–≤—Ç–æ –∏ —Ä–µ–∫–æ–º–µ–Ω–¥–∞—Ü–∏–∏ –ø–æ —ç–∫—Å–ø–ª—É–∞—Ç–∞—Ü–∏–∏ –∏ –æ–±—Å–ª—É–∂–∏–≤–∞–Ω–∏—é. –û—Ç–¥–µ–ª—å–Ω–æ–µ —Å–ø–∞—Å–∏–±–æ –º–µ–Ω–µ–¥–∂–µ—Ä—É –°–µ—Ä–≥–µ—é!","2GIS","mazda_avtolotsman"
"1.0","–î–µ–º–∏–¥ –†–æ–∂–∫–æ–≤","2025-09-06","06.09.2025 –æ–±—Ä–∞—Ç–∏–ª—Å—è –≤ –û–û–û ¬´–ê–≤—Ç–æ–ª–æ—Ü–º–∞–Ω –ú¬ª –¥–ª—è —É—Å—Ç–∞–Ω–æ–≤–∫–∏ –∫–∞–º–µ—Ä—ã –∑–∞–¥–Ω–µ–≥–æ –≤–∏–¥–∞ –≤ –∞/–º Mazda 6. –ú–µ–Ω–µ–¥–∂–µ—Ä –æ—Ç–¥–µ–ª–∞ –∑–∞–ø–∞—Å–Ω—ã—Ö —á–∞—Å—Ç–µ–π –ö—É–∑—å–º–∏—á–µ–≤ –ê–ª–µ–∫—Å–µ–π –ø–æ–¥–æ–±—Ä–∞–ª –º–Ω–µ –∫–∞–º–µ—Ä—É. –Ø –æ—Ç–ø—Ä–∞–≤–∏–ª—Å—è –Ω–∞ —É—Å—Ç–∞–Ω–æ–≤–∫—É –∫–∞–º–µ—Ä—ã. –ß–µ—Ä–µ–∑ 3 —á–∞—Å–∞ –æ–∂–∏–¥–∞–Ω–∏—è –≤ –∫–ª–∏–µ–Ω—Ç—Å–∫–æ–π –∑–æ–Ω–µ –º–µ–Ω—è –ø–æ–∑–≤–∞–ª–∏ –∏ —Å–∫–∞–∑–∞–ª–∏, —á—Ç–æ –≤—Å–µ —Å–¥–µ–ª–∞–Ω–æ. –ü–æ—à–µ–ª —Å–º–æ—Ç—Ä–µ—Ç—å –∏ —É–∂–∞—Å–Ω—É–ª—Å—è. –ö–∞–º–µ—Ä–∞ –Ω–µ —ç–∫—Ä–∞–Ω–µ –ø–æ–∫–∞–∑—ã–≤–∞–ª–∞ —Ç–æ–ª—å–∫–æ –Ω–∞ –ø–æ–ª —ç–∫—Ä–∞–Ω–∞, –ø–æ—Ç–æ–º—É —á—Ç–æ –ø–æ–ª–æ–≤–∏–Ω–∞ –±—ã–ª–∞ –∑–∞–∫—Ä—ã—Ç–∞ –ø–ª–∞—Å—Ç–∏–∫–æ–º –æ—Ç –±–∞–≥–∞–∂–Ω–∏–∫–∞. –¢–æ –µ—Å—Ç—å –Ω–∞ —ç–∫—Ä–∞–Ω–µ —É–∑–∫–∞—è –ø–æ–ª–æ—Å–∫–∞ –≤–∏–¥–µ–æ–∏–∑–æ–±—Ä–∞–∂–µ–Ω–∏—è! –ú–µ–Ω–µ–¥–∂–µ—Ä –ø—Ä–∏–µ–º—â–∏–∫ –º–Ω–µ –∑–∞—è–≤–∏–ª —ç—Ç–æ –Ω–æ—Ä–º–∞! –Ø –≤ —à–æ–∫–µ! –ö–∞–º–µ—Ä—É –ø—Ä–æ—Ä–µ–∑–∞–ª–∏ –≤ –ø–ª–∞—Å—Ç–∏–∫–µ –±–∞–≥–∞–∂–Ω–∏–∫–∞ —á—É—Ç—å –ª–∏ –Ω–µ –∫–∞–Ω—Ü –Ω–æ–∂–µ–º! –ò –∑–∞ —ç—Ç–æ –Ω—É–∂–Ω–æ –æ—Ç–¥–∞—Ç—å 16000‚ÇΩ –ú–µ–Ω–µ–¥–∂–µ—Ä –ö—É–∑—å–º–∏—á–µ–≤ –ø—Ä–µ–¥–ª–æ–∂–∏–ª –ø–µ—Ä–µ–∑–∞–∫–∞–∑–∞—Ç—å –¥—Ä—É–≥—É—é –∫–∞–º–µ—Ä—É. –ù–∞ –º–æ–π –≤–æ–ø—Ä–æ—Å –ø–æ—á–µ–º—É –º–Ω–µ —Å—Ä–∞–∑—É –Ω–µ –ø–æ—Å—Ç–∞–≤–∏–ª–∏ –Ω–æ—Ä–º–∞–ª—å–Ω—É—é –∫–∞–º–µ—Ä—É, –æ–Ω –æ—Ç–≤–µ—Ç–∏—Ç—å –Ω–µ —Å–º–æ–≥! –ü–æ –∏—Ç–æ–≥—É, –∫–∞–º–µ—Ä—É –º–Ω–µ –¥–µ–º–æ–Ω—Ç–∏—Ä–æ–≤–∞–ª–∏, –ø–æ—Ç–æ–º—É —á—Ç–æ –Ω–µ—Ç —Å–º—ã—Å–ª–∞ –ø–ª–∞—Ç–∏—Ç—å –∑–∞ —Ç–∞–∫—É—é —Ä–∞–±–æ—Ç—É. –ú–∞—Å—Ç–µ—Ä —É—Å—Ç–∞–Ω–æ–≤—â–∏–∫ –º–Ω–µ —Å–∫–∞–∑–∞–ª, —á—Ç–æ 100 —Ä–∞–∑ –º–µ–Ω–µ–¥–∂–µ—Ä—É –ö—É–∑—å–º–∏—á–µ–≤—É –≥–æ–≤–æ—Ä–∏–ª, —á—Ç–æ –¥–∞–Ω–Ω–∞—è –∫–∞–º–µ—Ä–∞ –Ω–µ –ø–æ–¥—Ö–æ–¥–∏—Ç –∏ –ø—Ä–æ–¥–∞–≤–∞—Ç—å –∏—Ö –Ω–µ —Å–ª–µ–¥—É–µ—Ç! –ò—Ç–æ–≥–æ: –ú–Ω–µ –¥–≤–∞–∂–¥—ã –∑–∞ –¥–µ–Ω—å –≤–∑–æ—Ä–≤–∞–ª–∏ —Å–∞–ª–æ–Ω –º–æ–µ–≥–æ –∏–¥–µ–∞–ª—å–Ω–æ–≥–æ –∞–≤—Ç–æ–º–æ–±–∏–ª—è, –æ—Å—Ç–∞–≤–∏–ª–∏ –º–µ–Ω—è –±–µ–∑ –∫–∞–º–µ—Ä—ã –∑–∞–¥–Ω–µ–≥–æ –≤–∏–¥–∞ –∏ –æ—Ç–ø—Ä–∞–≤–∏–ª–∏ –¥–æ–º–æ–π —Å –∏–∑—É—Ä–æ–¥–æ–≤–∞–Ω–Ω–æ–π —Å–∞–±–ª–µ–π –Ω–∞ –±–∞–≥–∞–∂–Ω–∏–∫–µ, —Å –¥—ã—Ä–∫–æ–π, –∑–∞–∫–ª–µ–µ–Ω–Ω–æ–π –∏–∑–æ–ª–µ–Ω—Ç–æ–π! –ü—Ä–∏—á–µ–º —è –æ—á–µ–Ω—å –ª—é–±–ª—é –º–∞—Ä–∫—É –∏ –∏–º–µ—é –¥–≤–∞ –∞–≤—Ç–æ–º–æ–±–∏–ª—è –≤ —Å–µ–º—å–µ! –í –æ–¥–∏–Ω –¥–µ–Ω—å –≤—Å–µ –æ—Ç–Ω–æ—à–µ–Ω–∏–µ –ø–µ—Ä–µ–≤–µ—Ä–Ω—É–ª–æ—Å—å, –ø–æ—Ç–æ–º—É —á—Ç–æ –≤ —Ü–µ–ø–æ—á–∫–µ –∑–∞–ø—á–∞—Å—Ç–∏-–ø—Ä–∏–µ–º—â–∏–∫-—É—Å—Ç–∞–Ω–æ–≤—â–∏–∫ –≤—Å–µ —Ä–∞–±–æ—Ç–∞—é—Ç –±–µ–∑ –∫–æ–º–º—É–Ω–∏–∫–∞—Ü–∏–∏ –¥—Ä—É–≥ —Å –¥—Ä—É–≥–æ–º! –ö–∞–∂–¥—ã–π —Å–∞–º –∑–∞ —Å–µ–±—è! –ù–∞ —Ä–∞–±–æ—Ç–µ –¥—Ä—É–∑—å—è –∏ –∫–æ–ª–ª–µ–≥–∏ –º–µ–Ω—è —Å–ø—Ä–æ—Å–∏–ª–∏ –ø–æ—Å—Ç–∞–≤–∏–ª–∏ –∫–∞–º–µ—Ä—É ?! –ê —è –∏–º –∏–º —Ä–∞—Å—Å–∫–∞–∑–∞–ª –¥–∞–Ω–Ω—É—é –∏—Å—Ç–æ—Ä–∏—é, –∫–∞–∫ —É–µ—Ö–∞–ª —Å –ú–∞–∑–¥—ã –æ–±–ø–ª–µ–≤–∞–Ω–Ω—ã–π —Å –∏–∑—É—Ä–æ–¥–æ–≤–∞–Ω–Ω–æ–π –ª—é–±–∏–º–æ–π –º–∞—à–∏–Ω–æ–π! –ù–µ —Ä–µ–∫–æ–º–µ–Ω–¥—É—é –¥–∞–Ω–Ω–æ–≥–æ –¥–∏–ª–ª–µ—Ä–∞!","2GIS","moskvich_avtolotsman"
"5.0","–ê–Ω–≥–µ–ª–∏–Ω–∞ –ì–µ–π–Ω—Ü","2025-09-01","–•–æ—á—É –≤—ã—Ä–∞–∑–∏—Ç—å –±–ª–∞–≥–æ–¥–∞—Ä–Ω–æ—Å—Ç—å –∫–æ–ª–ª–µ–∫—Ç–∏–≤—É –∞–≤—Ç–æ—Å–∞–ª–æ–Ω–∞ ¬´–ê–≤—Ç–æ–ª–æ—Ü–º–∞–Ω¬ª –∑–∞ –∏—Ö –≤—ã—Å–æ–∫–∏–π –ø—Ä–æ—Ñ–µ—Å—Å–∏–æ–Ω–∞–ª–∏–∑–º –∏ –∏–Ω–¥–∏–≤–∏–¥—É–∞–ª—å–Ω—ã–π –ø–æ–¥—Ö–æ–¥ –∫ –∫–ª–∏–µ–Ω—Ç–∞–º. –ò—Ö –≤–Ω–∏–º–∞–Ω–∏–µ –∫ –¥–µ—Ç–∞–ª—è–º –∏ –ø–æ–Ω–∏–º–∞–Ω–∏–µ –ø–æ—Ç—Ä–µ–±–Ω–æ—Å—Ç–µ–π —Å–æ–∑–¥–∞—é—Ç –¥–æ–≤–µ—Ä–∏—Ç–µ–ª—å–Ω—ã–µ –æ—Ç–Ω–æ—à–µ–Ω–∏—è –∏ –æ–±–µ—Å–ø–µ—á–∏–≤–∞—é—Ç –≤—ã—Å–æ–∫–æ–µ –∫–∞—á–µ—Å—Ç–≤–æ —É—Å–ª—É–≥. –†–µ–∫–æ–º–µ–Ω–¥—É—é ¬´–ê–≤—Ç–æ–ª–æ—Ü–º–∞–Ω¬ª –≤—Å–µ–º, –∫—Ç–æ –∏—â–µ—Ç –Ω–∞–¥–µ–∂–Ω–æ–≥–æ –ø–∞—Ä—Ç–Ω–µ—Ä–∞ –≤ –∞–≤—Ç–æ–º–æ–±–∏–ª—è—Ö! –û—Å–æ–±–µ–Ω–Ω–æ –±–ª–∞–≥–æ–¥–∞—Ä–Ω–∞ –ï–ª–µ–Ω–µ –ê–Ω–∞—Ç–æ–ª—å–µ–≤–Ω–µ –û—Ö–æ—Ç–Ω–∏–∫–æ–≤–æ–π –∑–∞ –µ—ë –ø—Ä–æ—Ñ–µ—Å—Å–∏–æ–Ω–∞–ª–∏–∑–º –∏ –∑–∞–±–æ—Ç—É –æ –∫–ª–∏–µ–Ω—Ç–∞—Ö. –°–ø–∞—Å–∏–±–æ –≤—Å–µ–º—É –∫–æ–ª–ª–µ–∫—Ç–∏–≤—É –∑–∞ –≤–∞—à —Ç—Ä—É–¥!","2GIS","moskvich_avtolotsman"
"5.0","Sberid User","2024-07-23","–ë—É–¥—É—á–∏ –≤ –∫–æ–º–∞–Ω–¥–∏—Ä–æ–≤–∫–µ –≤ –≥. –ü–µ–Ω–∑–µ –æ–±—Ä–∞—Ç–∏–ª—Å—è –∫ –æ—Ñ–∏—Ü–∏–∞–ª—å–Ω–æ–º—É –¥–∏–ª–µ—Ä—É –®–∫–æ–¥—ã —Å –§–í –ü–∞—Å—Å–∞—Ç–æ–º: –Ω—É–∂–Ω–æ –±—ã–ª–æ –∑–∞–º–µ–Ω–∏—Ç—å —Ç–æ—Ä–º–æ–∑–Ω—É—é –∂–∏–¥–∫–æ—Å—Ç—å –∏ –∞–Ω—Ç–∏—Ñ—Ä–∏–∑ –ø–µ—Ä–µ–¥ –ø–æ–µ–∑–¥–∫–æ–π –≤ –æ—Ç–ø—É—Å–∫. –í—Å—ë —Å–¥–µ–ª–∞–ª–∏ –≤ –ª—É—á—à–µ–º –≤–∏–¥–µ - –±—ã—Å—Ç—Ä–æ, –ø—Ä–æ—Ñ–µ—Å—Å–∏–æ–Ω–∞–ª—å–Ω–æ, –∞–∫–∫—É—Ä–∞—Ç–Ω–æ. –°–ø–∞—Å–∏–±–æ –º–∞—Å—Ç–µ—Ä–∞–º-–ø—Ä–∏–µ–º—â–∏–∫–∞–º –∑–∞ –≤–µ–∂–ª–∏–≤–æ–µ –∏ —É–≤–∞–∂–∏—Ç–µ–ª—å–Ω–æ–µ –æ—Ç–Ω–æ—à–µ–Ω–∏–µ –∏ –ø—É–Ω–∫—Ç—É–∞–ª—å–Ω–æ—Å—Ç—å: –æ—Ñ–æ—Ä–º–ª–µ–Ω–∏–µ –≤—Å–µ—Ö –Ω–µ–æ–±—Ö–æ–¥–∏–º—ã—Ö –¥–æ–∫—É–º–µ–Ω—Ç–æ–≤ –ø—Ä–∏ —Å–¥–∞—á–µ –∏ –ø–æ–ª—É—á–µ–Ω–∏–∏ –∞–≤—Ç–æ–º–æ–±–∏–ª—è –∑–∞–Ω—è–ª–æ –º–∏–Ω–∏–º—É–º –≤—Ä–µ–º–µ–Ω–∏, –≤—Å—ë –ø–æ–¥—Ä–æ–±–Ω–æ —Ä–∞—Å—Å–∫–∞–∑–∞–ª–∏/–æ–±—ä—è—Å–Ω–∏–ª–∏ —á—Ç–æ –∏ –∫–∞–∫ –ø–æ –≤—Ä–µ–º–µ–Ω–∏, —Ä–∞–±–æ—Ç–∞–º –∏ –∑–∞–ø—á–∞—Å—Ç—è–º. –ñ–∞–ª–∫–æ, —á—Ç–æ –í–ê–ì –æ—Ç–∫–ª—é—á–∏–ª –¥–∏–ª–µ—Ä–æ–≤ –æ—Ç —Ñ–∏—Ä–º–µ–Ω–Ω–æ–≥–æ –ü–û: —Å —É–¥–æ–≤–æ–ª—å—Å—Ç–≤–∏–µ–º –±—ã –ø—Ä–∏–µ—Ö–∞–ª –≤ –ê–≤—Ç–æ–ª–æ—Ü–º–∞–Ω —Å–æ —Å–≤–æ–∏–º–∏ —ç–ª–µ–∫—Ç—Ä–æ–Ω–Ω—ã–º–∏ –≤–æ–ø—Ä—Ä–æ—Å–∞–º–∏. –°–ø–∞—Å–∏–±–æ –∑–∞ –æ—Ç–ª–∏—á–Ω—É—é —Ä–∞–±–æ—Ç—É!","2GIS","shkoda_avtolotsman"
"5.0","–ê—Ä—Ç–µ–º –®–∏—à–∫–∏–Ω","2025-03-31","–ó–∞–≥–æ–Ω—è–ª –º–æ—Ç–æ—Ü–∏–∫–ª –≤ –ê–≤—Ç–æ–ª–æ—Ü–º–∞–Ω-–¥–µ—Ç–µ–π–ª–∏–Ω–≥ –¥–ª—è –æ–∫–ª–µ–π–∫–∏ –±—Ä–æ–Ω–µ–ø–ª–µ–Ω–∫–æ–π —É—è–∑–≤–∏–º—ã—Ö –º–µ—Å—Ç. –†–∞–±–æ—Ç–æ–π –æ—Å—Ç–∞–ª—Å—è –ø–æ–ª–Ω–æ—Å—Ç—å—é –¥–æ–≤–æ–ª–µ–Ω. –¶–µ–Ω–∞ –∑–∞ —Ä–∞–±–æ—Ç—É –≤–ø–æ–ª–Ω–µ –ø—Ä–∏–µ–º–ª–µ–º–∞—è. –†–µ–∫–æ–º–µ–Ω–¥—É—é!!!","2GIS","avtolotsman_deteyling"
"5.0","–í–∏–∫—Ç–æ—Ä–∏—è –î–º–∏—Ç—Ä–∏–µ–≤–Ω–∞","2024-11-25","–•–æ—á—É –æ—Ç–¥–µ–ª—å–Ω–æ –ø–æ–±–ª–∞–≥–æ–¥–∞—Ä–∏—Ç—å –ê–ª–µ–∫—Å–∞–Ω–¥—Ä–∞, –∞ —Ç–∞–∫ –∂–µ –µ–≥–æ –∫–æ–º–∞–Ω–¥—É –∑–∞ –ø—Ä–µ–∫—Ä–∞—Å–Ω–æ –ø—Ä–æ–¥–µ–ª–∞–Ω–Ω—É—é —Ä–∞–±–æ—Ç—É —Å –º–æ–∏–º –∞–≤—Ç–æ–º–æ–±–∏–ª–µ–º! –ú–Ω–µ –¥–µ–ª–∞–ª–∏ –ø–æ–ª–Ω–æ—Å—Ç—å—é –±—Ä–æ–Ω—å –ø–µ—Ä–µ–¥–Ω–µ–π —á–∞—Å—Ç–∏ –∫—É–∑–æ–≤–∞ –∏ –¥–æ–ø–æ–ª–Ω–∏—Ç–µ–ª—å–Ω–æ –æ—Ç–¥–µ–ª—å–Ω—ã—Ö —ç–ª–µ–º–µ–Ω—Ç–æ–≤ ,–ø–æ–ª–∏—Ä–æ–≤–∫—É –∏ –ø–æ–∫—Ä—ã—Ç–∏–µ –∫–µ—Ä–∞–º–∏–∫–æ–π. –û—á–µ–Ω—å –ø–æ–Ω—Ä–∞–≤–∏–ª—Å—è –ø–µ—Ä—Å–æ–Ω–∞–ª—å–Ω—ã–π –ø–æ–¥—Ö–æ–¥. –ü–æ –≤—Ä–µ–º–µ–Ω–∏ —Å —Ä–∞–±–æ—Ç–æ–π —Å–ø—Ä–∞–≤–∏–ª–∏—Å—å –æ—á–µ–Ω—å –æ–ø–µ—Ä–∞—Ç–∏–≤–Ω–æ, –≤–æ—à–ª–∏ –≤ –ø–æ–ª–æ–∂–µ–Ω–∏–µ –∏ –ø–æ–¥–æ–±—Ä–∞–ª–∏ —É–¥–æ–±–Ω–æ–µ –≤—Ä–µ–º—è –∏–º–µ–Ω–Ω–æ –¥–ª—è –º–µ–Ω—è . –ö–∞—á–µ—Å—Ç–≤–æ —Ä–∞–±–æ—Ç—ã –≤–µ–ª–∏–∫–æ–ª–µ–ø–Ω–æ–µ. –ö–æ –º–Ω–µ –±—ã–ª–æ –æ—á–µ–Ω—å –∫–ª–∏–µ–Ω—Ç–æ–æ—Ä–∏–µ–Ω—Ç–∏—Ä–æ–≤–∞–Ω–Ω–æ–µ –æ—Ç–Ω–æ—à–µ–Ω–∏–µ, –ø—Ä–µ–∫—Ä–∞—Å–Ω–æ–µ. –î–µ—Ç–µ–π–ª–∏–Ω–≥ , –æ–ø—Ä–µ–¥–µ–ª–µ–Ω–Ω–æ, –º–æ–ª–æ–¥—Ü—ã, –¥–µ–ª–∞—é—Ç –≤—Å–µ –∫–∞—á–µ—Å—Ç–≤–µ–Ω–Ω–æ, –∫—Ä–∞—Å–∏–≤–æ, –∞ –µ—â–µ –æ—á–µ–Ω—å –æ—Ç–∑—ã–≤—á–∏–≤—ã–µ –∏ —Å—Ç–∞—Ä–∞—é—Ç—Å—è –¥–ª—è –∫–ª–∏–µ–Ω—Ç–∞!","2GIS","avtolotsman_deteyling"
"5.0","–ê–Ω–¥—Ä–µ–π –§–µ–æ—Ñ–∞–Ω–æ–≤","2024-10-31","–û–∫–ª–µ–∏–≤–∞–ª–∏ –º–∞—à–∏–Ω—É, –≤—Å–µ —Ö–æ—Ä–æ—à–æ","2GIS","avtolotsman_deteyling"
"5.0","–õ–µ—Ä–∞","2024-08-11","–ü—Ä–µ–≤–æ—Å—Ö–æ–¥–Ω–æ! –ë–ª–∞–≥–æ–¥–∞—Ä–∏–º –ê–ª–µ–∫—Å–∞–Ω–¥—Ä–∞ –∏ –≤—Å—é –∫–æ–º–∞–Ω–¥—É. –ü—Ä–∏—Å–ª—É—à–∞–ª–∏—Å—å –∫–æ –≤—Å–µ–º –ø–æ–∂–µ–ª–∞–Ω–∏—è–º, —Å–¥–µ–ª–∞–ª–∏ –≤—Å–µ –æ—á–µ–Ω—å –∞–∫–∫—É—Ä–∞—Ç–Ω–æ, —á—ë—Ç–∫–æ, —É—á–ª–∏ –≤—Å–µ –Ω—é–∞–Ω—Å—ã, –æ—Ç—Ä–∞–±–æ—Ç–∞–ª–∏ –≤ –∑–∞—è–≤–ª–µ–Ω–Ω–æ–º —Ç–∞–π–º–∏–Ω–≥–µ. –ú–∞—à–∏–Ω–∞ —Å–±—Ä–æ—Å–∏–ª–∞ –ª–µ—Ç 5 - –ø–æ–ª—É—á–∏–ª–∏ –±–ª–µ—Å—Ç—è—â–∏–π, —á–∏—Å—Ç—ã–π –∏ –ø—Ä–∏—è—Ç–Ω–æ –ø–∞—Ö–Ω—É—â–∏–π –∞–≤—Ç–æ–º–æ–±–∏–ª—å. –†–∞–±–æ—Ç–∞ –Ω–∞ –ø—Ä–µ–º–∏–∞–ª—å–Ω–æ–º —É—Ä–æ–≤–Ω–µ, —Ä–µ–∫–æ–º–µ–Ω–¥—É–µ–º –¥–µ—Ç–µ–π–ª–∏–Ω–≥","2GIS","avtolotsman_deteyling"
"5.0","–ú–∞–∫—Å–∏–º –í–∞–Ω—è—Å–æ–≤","2024-06-07","–•–æ—á—É –ø–æ–±–ª–∞–≥–æ–¥–∞—Ä–∏—Ç—å –ê–ª–µ–∫—Å–∞–Ω–¥—Ä–∞! –î–æ —ç—Ç–æ–≥–æ –º—ã–ª –ú–∞–∑–¥—É –Ω–∞ –æ–±—ã—á–Ω–æ–π –º–æ–π–∫–µ (–≤ –¥—Ä—É–≥–æ–º –º–µ—Å—Ç–µ). –¢–∞–º –ø—Ä–∏ –ø–æ–ø—ã—Ç–∫–µ —É–¥–∞–ª–∏—Ç—å —Å–ª–µ–¥—ã –æ—Ç –ª–∏–ø—ã –∑–∞—Ç–µ—Ä–ª–∏ –õ–ö–ü –¥–æ —Ü–∞—Ä–∞–ø–∏–Ω. –°–µ–≥–æ–¥–Ω—è –æ–±—Ä–∞—Ç–∏–ª—Å—è –≤ –¥–µ—Ç–µ–π–ª–∏–Ω–≥, –ê–ª–µ–∫—Å–∞–Ω–¥—Ä –∏–¥–µ–∞–ª—å–Ω–æ –∑–∞–ø–æ–ª–∏—Ä–æ–≤–∞–ª —ç—Ç–∏ –º–µ—Å—Ç–∞, –∫–∞–∫ –Ω–∞ –º–µ—Ç–∞–ª–ª–µ, —Ç–∞–∫ –∏ –Ω–∞ –ø–ª–∞—Å—Ç–∏–∫–µ. –û–Ω –Ω–∞—Å—Ç–æ—è—â–∏–π –ø—Ä–æ—Ñ–µ—Å—Å–∏–æ–Ω–∞–ª –≤ —Å–≤–æ–µ–º –¥–µ–ª–µ.","2GIS","avtolotsman_deteyling"
"5.0","Anton Sirotkin","2024-04-28","–ë–µ–∑–æ–ø–∞—Å–Ω–æ, —Å —É–≤–∞–∂–µ–Ω–∏–µ–º –∫ –∫–ª–∏–µ–Ω—Ç—É. –°–ª—ã—à–∞—Ç –ø–æ–∂–µ–ª–∞–Ω–∏—è. –û–ø–µ—Ä–∞—Ç–∏–≤–Ω–æ. –ü—Ä–µ–º–∏—É–º —É—Ä–æ–≤–µ–Ω—å. –†–∞–±–æ—Ç—ã: –∞–Ω—Ç–∏–¥–æ–∂–¥—å, –ø–æ–ª–∏—Ä–æ–≤–∫–∞ + –ø–æ–∫—Ä—ã—Ç–∏–µ –∫–µ—Ä–∞–º–∏–∫–æ–π, –∑–∞—â–∏—Ç–∞ —Ñ–∞—Ä –∏ –∑–æ–Ω—ã —Ä—É—á–µ–∫ –¥–≤–µ—Ä–µ–π –ø–ª–µ–Ω–∫–æ–π.","2GIS","avtolotsman_deteyling"
"5.0","–¢–∞—Ç—å—è–Ω–∞ –ì–æ—Ä–µ–Ω–∫–æ–≤–∞","2024-02-24","–ú–∞—à–∏–Ω–∞ –ø–æ—Å–ª–µ –º–æ–π–∫–∏ –∏ —É—Ö–æ–¥–∞ –≤—ã–≥–ª—è–¥–∏—Ç –∏–¥–µ–∞–ª—å–Ω–æ - –±–ª–µ—Å—Ç–∏—Ç, —Å–ª–æ–≤–Ω–æ —Ç–æ–ª—å–∫–æ —á—Ç–æ –≤—ã—à–ª–∞ –∏–∑ —Å–∞–ª–æ–Ω–∞) –î–æ–≤–æ–ª—å–Ω–∞ —á–∏—Å—Ç–æ—Ç–æ–π –∏ –ø–æ–¥—Ö–æ–¥–æ–º. –í—Å–µ —Å–¥–µ–ª–∞–Ω–æ –æ—á–µ–Ω—å –∫–∞—á–µ—Å—Ç–≤–µ–Ω–Ω–æ –∏ –±—ã—Å—Ç—Ä–æ! –û–≥—Ä–æ–º–Ω—ã–π —Ä–µ—Å–ø–µ–∫—Ç! –í—Å–µ–º —Ä–µ–∫–æ–º–µ–Ω–¥—É—é!","2GIS","avtolotsman_deteyling"
"5.0","–í–ª–∞–¥–∏–º–∏—Ä –ë–∞–ª–∞—à–æ–≤","2024-02-12","–ö–ª–∞—Å—Å!!! –ü–æ—Å—Ç–∞—Ä–∞–ª–∏—Å—å –Ω–∞ —Å–ª–∞–≤—É.–ë—É–¥—É –≤–∞—Å —Ä–µ–∫–æ–º–µ–Ω–¥–æ–≤–∞—Ç—å.–ï—Å–ª–∏ —á–µ—Å—Ç–Ω–æ, –≤–ø–µ—á–∞—Ç–ª—ë–Ω —Ä–∞–±–æ—Ç–æ–π.","2GIS","avtolotsman_deteyling"
"5.0","–ê–ª–µ–∫—Å–µ–π –û–ø–µ—Ä—Å–∫–æ–π","2024-02-07","–°–¥–µ–ª–∞–ª–∏ –∫–æ–º–ø–ª–µ–∫—Å–Ω—É—é –º–æ–π–∫—É, –ø–æ–Ω—Ä–∞–≤–∏–ª–æ—Å—å, –≤—Å–µ–º —Ä–µ–∫–æ–º–µ–Ω–¥—É—é üëçüèº","2GIS","avtolotsman_deteyling"
"5.0","–ê–Ω—Ç–æ–Ω –ú–æ—Ä–æ–∑–æ–≤","2024-01-13","–°–µ—Ä–≤–∏—Å –¥–µ—Ç–µ–π–ª–∏–Ω–≥ –∫–µ—Ä–∞–º–∏–∫–∞ –ø—Ä–æ—Å—Ç–æ –ª—É—á—à–∏–π. –†–µ–∫–æ–º–µ–Ω–¥—É—é –±–µ–∑ –≥–æ–ª–æ–≤–Ω—è–∫–∞ –∏ –ø—Ä–æ—Ñ–µ—Å—Å–∏–æ–Ω–∞–ª—å–Ω–æ.","2GIS","avtolotsman_deteyling"
"5.0","–ù–∞—Ç–∞–ª—å—è –°–æ–ª–æ–≤—å–µ–≤–∞","2023-12-23","–°–µ–≥–æ–¥–Ω—è —è –ø–æ—Å–µ—Ç–∏–ª–∞ —Å–∞–ª–æ–Ω –ê–í–¢–û–õ–û–¶–ú–ê–ù –î–ï–¢–ï–ô–õ–ò–ù–ì | –ø–æ–ª–∏—Ä–æ–≤–∫–∞ | —Ö–∏–º—á–∏—Å—Ç–∫–∞. –ó–∞–ø–∏—Å—ã–≤–∞–ª–∞—Å—å –ø–æ–º—ã—Ç—å –º–∞—à–∏–Ω—É —è –µ—â—ë –Ω–µ–¥–µ–ª—é –Ω–∞–∑–∞–¥, –ø–æ—Å–∫–æ–ª—å–∫—É –º–Ω–µ –±—ã–ª–æ —É–¥–æ–±–Ω–æ –ø—Ä–∏–µ—Ö–∞—Ç—å –≤ –≤—ã—Ö–æ–¥–Ω–æ–π –¥–µ–Ω—å. –û—Å—Ç–∞–≤–∏–ª–∞ –º–∞—à–∏–Ω—É –ø—Ä–∏–º–µ—Ä–Ω–æ –Ω–∞ —Ç—Ä–∏ —á–∞—Å–∞, –ø–æ—Å–∫–æ–ª—å–∫—É –º–æ–π–∫–∞ –∞–≤—Ç–æ —É –º–µ–Ω—è –±—ã–ª–∞ –∫–æ–º–ø–ª–µ–∫—Å–Ω–∞—è, –∫—É–¥–∞ –≤–æ—à–ª–∏: - –º–æ–π–∫–∞ –∫—É–∑–æ–≤–∞ –≤ 3 —ç—Ç–∞–ø–∞ - –≤–ª–∞–∂–Ω–∞—è, —Å—É—Ö–∞—è —É–±–æ—Ä–∫–∞ —Å–∞–ª–æ–Ω–∞, –ø—ã–ª–µ—Å–æ—Å - –Ω–∞–Ω–µ—Å–µ–Ω–∏–µ —Å–ø–µ—Ü–∏–∞–ª—å–Ω–æ–≥–æ –≥–∏–¥—Ä–æ—Ñ–æ–±–Ω–æ–≥–æ —Å–æ—Å—Ç–∞–≤–∞ -–¥–µ–∑–∏–Ω—Ñ–µ–∫—Ü–∏—è –≤–æ–∑–¥—É—Ö–∞ –ö–æ–≥–¥–∞ —è –≤–µ—Ä–Ω—É–ª–∞—Å—å –∑–∞ —Å–≤–æ–µ–π ""–ª–∞—Å—Ç–æ—á–∫–æ–π"", –µ—ë –±—ã–ª–æ –ø—Ä–æ—Å—Ç–æ –Ω–µ —É–∑–Ω–∞—Ç—å, —è - –≤ –í–û–°–¢–û–†–ì–ï, –º–æ—è –º–∞—à–∏–Ω–∞ –±—ã–ª–∞ –æ—Ç–ø–æ–ª–∏—Ä–æ–≤–∞–Ω–∞, —Å–≤–µ—Ä–∫–∞–ª–∞ –∫–∞–∫ –Ω–æ–≤–∞—è, –∏–º–µ–Ω–Ω–æ —Ç–∞–∫–∞—è –æ–Ω–∞ –±—ã–ª–∞, –∫–æ–≥–¥–∞ —è –µ—ë –ø–æ–∫—É–ø–∞–ª–∞ –≤ —Å–∞–ª–æ–Ω–µ. –ü—Ä–æ—Å—Ç–æ –Ω–µ–≤–µ—Ä–æ—è—Ç–Ω–æ, —Ç–∞–∫–∞—è —á–∏—Å—Ç–∞—è –∏ —É—Ö–æ–∂–µ–Ω–Ω–∞—è, –≤ —Å–∞–ª–æ–Ω–µ –ª—ë–≥–∫–∏–π –∑–∞–ø–∞—Ö –¥–µ–∑–∏–Ω—Ñ–∏—Ü–∏—Ä—É—é—â–µ–≥–æ —Å—Ä–µ–¥—Å—Ç–≤–∞, –∫–æ—Ç–æ—Ä—ã–π –≤—ã–≤–µ—Ç—Ä–∏–ª—Å—è, –ø–æ–∫–∞ —è –µ—Ö–∞–ª–∞ –¥–æ–º–æ–π! –ò, –Ω–µ—Å–º–æ—Ç—Ä—è –Ω–∞ –Ω–µ–ø–æ–≥–æ–¥—É –Ω–∞ —É–ª–∏—Ü–µ –∏ –¥–æ–∂–¥—å, –ø—Ä–æ–µ—Ö–∞–≤ –ø–æ –≥–æ—Ä–æ–¥—É –æ—Ç —Å–∞–ª–æ–Ω–∞ –¥–æ –¥–æ–º–∞, –∞–≤—Ç–æ–º–æ–±–∏–ª—å –æ—Å—Ç–∞–ª—Å—è —á–∏—Å—Ç—ã–º, –≤—Å—è –≥—Ä—è–∑—å –∏ –≤–æ–¥–∞ —Å—Ç–µ–∫–∞–ª–∞, –±–ª–∞–≥–æ–¥–∞—Ä—è –Ω–∞–Ω–µ—Å–µ–Ω–Ω–æ–º—É —Å–ø–µ—Ü–∏–∞–ª—å–Ω–æ–º—É –ø–æ–∫—Ä—ã—Ç–∏—é! –ü—Ä–æ—Å—Ç–æ –°–£–ü–ï–†!!! –•–æ—Ç–µ–ª–∞ —Ç–∞–∫–∂–µ –æ—Ç–º–µ—Ç–∏—Ç—å —Ä–µ–±—è—Ç, –∫–æ—Ç–æ—Ä—ã–µ –∑–¥–µ—Å—å —Ä–∞–±–æ—Ç–∞—é—Ç, –≤–µ–∂–ª–∏–≤—ã–µ, –≤—Å–µ –ø–æ—è—Å–Ω–∏–ª–∏, –∏ —Å–¥–µ–ª–∞–ª–∏ —Ä–∞–±–æ—Ç—É –Ω–∞ —Å–æ–≤–µ—Å—Ç—å - –Ω–∞—Å—Ç–æ—è—â–∏–µ –ø—Ä–æ—Ñ–µ—Å—Å–∏–æ–Ω–∞–ª—ã —Å–≤–æ–µ–≥–æ –¥–µ–ª–∞! –ï—Å–ª–∏ –ø–ª–∞–Ω–∏—Ä—É–µ—Ç–µ —Ö–æ—Ä–æ—à–æ –ø–æ–º—ã—Ç—å —Å–≤–æ–π –∞–≤—Ç–æ–º–æ–±–∏–ª—å, —Ç–æ –≤–∞–º –°–Æ–î–ê - –≤ —Å–∞–ª–æ–Ω –ê–í–¢–û–õ–û–¶–ú–ê–ù –î–ï–¢–ï–ô–õ–ò–ù–ì | –ø–æ–ª–∏—Ä–æ–≤–∫–∞ | —Ö–∏–º—á–∏—Å—Ç–∫–∞","2GIS","avtolotsman_deteyling"
